{
  "setting": {},
  "condition": {
    "plugin": {
      "list": []
    },
    "game": {
      "list": []
    },
    "gamePlugin": {
      "list": []
    },
    "miniprogram": {
      "list": [
        {
          "id": -1,
          "name": "user",
          "pathName": "pages/user/user",
          "query": "",
          "scene": null
        },
        {
          "id": -1,
          "name": "event",
          "pathName": "pages/event/event",
          "query": "",
          "scene": null
        },
        {
          "name": "pages/description/description",
          "pathName": "pages/description/description",
          "query": "id=616cf79dcf072e0c0b01501f",
          "scene": null
        },
        {
          "name": "home",
          "pathName": "pages/home/home",
          "query": "",
          "scene": null
        },
        {
          "name": "pages/uploadFile/index",
          "pathName": "pages/uploadFile/index",
          "query": "",
          "scene": null
        }
      ]
    }
  }
}