{
    "setting": {},
    "condition": {
        "plugin": {
            "list": []
        },
        "game": {
            "list": []
        },
        "gamePlugin": {
            "list": []
        },
        "miniprogram": {
            "list": [
                {
                    "id": -1,
                    "name": "user",
                    "pathName": "pages/user/user",
                    "query": "",
                    "scene": null
                },
                {
                    "id": -1,
                    "name": "event",
                    "pathName": "pages/event/event",
                    "query": "",
                    "scene": null
                },
                {
                    "id": 2,
                    "name": "description",
                    "pathName": "pages/description/description",
                    "query": "id=5f3e2474f0f3b034f587196c",
                    "scene": null
                },
                {
                    "name": "home",
                    "pathName": "pages/home/home",
                    "query": "",
                    "scene": null
                }
            ]
        }
    }
}